{
    "Agent": {
        "total": 176.253422498703
    },
    "Env": {
        "apply_act": 8.279725551605225,
        "observation_computation": 3.690760612487793,
        "powerflow_computation": 16.95869755744934,
        "total": 28.92918372154236
    },
    "total": 205.53459978103638
}